--
-- PostgreSQL database dump
--

-- Dumped from database version 17.4
-- Dumped by pg_dump version 17.4

-- Started on 2026-01-28 14:07:17

SET statement_timeout = 0;
SET lock_timeout = 0;
SET idle_in_transaction_session_timeout = 0;
SET transaction_timeout = 0;
SET client_encoding = 'UTF8';
SET standard_conforming_strings = on;
SELECT pg_catalog.set_config('search_path', '', false);
SET check_function_bodies = false;
SET xmloption = content;
SET client_min_messages = warning;
SET row_security = off;

SET default_tablespace = '';

SET default_table_access_method = heap;

--
-- TOC entry 232 (class 1259 OID 17338)
-- Name: auth_group; Type: TABLE; Schema: public; Owner: postgres
--

CREATE TABLE public.auth_group (
    id integer NOT NULL,
    name character varying(150) NOT NULL
);


ALTER TABLE public.auth_group OWNER TO postgres;

--
-- TOC entry 231 (class 1259 OID 17337)
-- Name: auth_group_id_seq; Type: SEQUENCE; Schema: public; Owner: postgres
--

ALTER TABLE public.auth_group ALTER COLUMN id ADD GENERATED BY DEFAULT AS IDENTITY (
    SEQUENCE NAME public.auth_group_id_seq
    START WITH 1
    INCREMENT BY 1
    NO MINVALUE
    NO MAXVALUE
    CACHE 1
);


--
-- TOC entry 234 (class 1259 OID 17346)
-- Name: auth_group_permissions; Type: TABLE; Schema: public; Owner: postgres
--

CREATE TABLE public.auth_group_permissions (
    id integer NOT NULL,
    group_id integer NOT NULL,
    permission_id integer NOT NULL
);


ALTER TABLE public.auth_group_permissions OWNER TO postgres;

--
-- TOC entry 233 (class 1259 OID 17345)
-- Name: auth_group_permissions_id_seq; Type: SEQUENCE; Schema: public; Owner: postgres
--

ALTER TABLE public.auth_group_permissions ALTER COLUMN id ADD GENERATED BY DEFAULT AS IDENTITY (
    SEQUENCE NAME public.auth_group_permissions_id_seq
    START WITH 1
    INCREMENT BY 1
    NO MINVALUE
    NO MAXVALUE
    CACHE 1
);


--
-- TOC entry 230 (class 1259 OID 17332)
-- Name: auth_permission; Type: TABLE; Schema: public; Owner: postgres
--

CREATE TABLE public.auth_permission (
    id integer NOT NULL,
    name character varying(255) NOT NULL,
    content_type_id integer NOT NULL,
    codename character varying(100) NOT NULL
);


ALTER TABLE public.auth_permission OWNER TO postgres;

--
-- TOC entry 229 (class 1259 OID 17331)
-- Name: auth_permission_id_seq; Type: SEQUENCE; Schema: public; Owner: postgres
--

ALTER TABLE public.auth_permission ALTER COLUMN id ADD GENERATED BY DEFAULT AS IDENTITY (
    SEQUENCE NAME public.auth_permission_id_seq
    START WITH 1
    INCREMENT BY 1
    NO MINVALUE
    NO MAXVALUE
    CACHE 1
);


--
-- TOC entry 228 (class 1259 OID 17311)
-- Name: django_admin_log; Type: TABLE; Schema: public; Owner: postgres
--

CREATE TABLE public.django_admin_log (
    id integer NOT NULL,
    action_time timestamp with time zone NOT NULL,
    object_id text,
    object_repr character varying(200) NOT NULL,
    action_flag smallint NOT NULL,
    change_message text NOT NULL,
    content_type_id integer,
    user_id bigint NOT NULL,
    CONSTRAINT django_admin_log_action_flag_check CHECK ((action_flag >= 0))
);


ALTER TABLE public.django_admin_log OWNER TO postgres;

--
-- TOC entry 227 (class 1259 OID 17310)
-- Name: django_admin_log_id_seq; Type: SEQUENCE; Schema: public; Owner: postgres
--

ALTER TABLE public.django_admin_log ALTER COLUMN id ADD GENERATED BY DEFAULT AS IDENTITY (
    SEQUENCE NAME public.django_admin_log_id_seq
    START WITH 1
    INCREMENT BY 1
    NO MINVALUE
    NO MAXVALUE
    CACHE 1
);


--
-- TOC entry 226 (class 1259 OID 17303)
-- Name: django_content_type; Type: TABLE; Schema: public; Owner: postgres
--

CREATE TABLE public.django_content_type (
    id integer NOT NULL,
    app_label character varying(100) NOT NULL,
    model character varying(100) NOT NULL
);


ALTER TABLE public.django_content_type OWNER TO postgres;

--
-- TOC entry 225 (class 1259 OID 17302)
-- Name: django_content_type_id_seq; Type: SEQUENCE; Schema: public; Owner: postgres
--

ALTER TABLE public.django_content_type ALTER COLUMN id ADD GENERATED BY DEFAULT AS IDENTITY (
    SEQUENCE NAME public.django_content_type_id_seq
    START WITH 1
    INCREMENT BY 1
    NO MINVALUE
    NO MAXVALUE
    CACHE 1
);


--
-- TOC entry 224 (class 1259 OID 17294)
-- Name: django_migrations; Type: TABLE; Schema: public; Owner: postgres
--

CREATE TABLE public.django_migrations (
    id integer NOT NULL,
    app character varying(255) NOT NULL,
    name character varying(255) NOT NULL,
    applied timestamp with time zone NOT NULL
);


ALTER TABLE public.django_migrations OWNER TO postgres;

--
-- TOC entry 223 (class 1259 OID 17293)
-- Name: django_migrations_id_seq; Type: SEQUENCE; Schema: public; Owner: postgres
--

ALTER TABLE public.django_migrations ALTER COLUMN id ADD GENERATED BY DEFAULT AS IDENTITY (
    SEQUENCE NAME public.django_migrations_id_seq
    START WITH 1
    INCREMENT BY 1
    NO MINVALUE
    NO MAXVALUE
    CACHE 1
);


--
-- TOC entry 235 (class 1259 OID 17379)
-- Name: django_session; Type: TABLE; Schema: public; Owner: postgres
--

CREATE TABLE public.django_session (
    session_key character varying(40) NOT NULL,
    session_data text NOT NULL,
    expire_date timestamp with time zone NOT NULL
);


ALTER TABLE public.django_session OWNER TO postgres;

--
-- TOC entry 237 (class 1259 OID 17467)
-- Name: orders_order; Type: TABLE; Schema: public; Owner: postgres
--

CREATE TABLE public.orders_order (
    id bigint NOT NULL,
    status character varying(32) NOT NULL,
    created_at timestamp with time zone NOT NULL,
    user_id bigint NOT NULL,
    total numeric(10,2) DEFAULT 0
);


ALTER TABLE public.orders_order OWNER TO postgres;

--
-- TOC entry 236 (class 1259 OID 17466)
-- Name: orders_order_id_seq; Type: SEQUENCE; Schema: public; Owner: postgres
--

ALTER TABLE public.orders_order ALTER COLUMN id ADD GENERATED BY DEFAULT AS IDENTITY (
    SEQUENCE NAME public.orders_order_id_seq
    START WITH 1
    INCREMENT BY 1
    NO MINVALUE
    NO MAXVALUE
    CACHE 1
);


--
-- TOC entry 239 (class 1259 OID 17473)
-- Name: orders_orderitem; Type: TABLE; Schema: public; Owner: postgres
--

CREATE TABLE public.orders_orderitem (
    id bigint NOT NULL,
    quantity integer NOT NULL,
    unit_price numeric(10,2) NOT NULL,
    order_id bigint NOT NULL,
    product_id bigint NOT NULL,
    couleur character varying(32),
    poids numeric(6,2),
    taille character varying(32),
    CONSTRAINT orders_orderitem_quantity_check CHECK ((quantity >= 0))
);


ALTER TABLE public.orders_orderitem OWNER TO postgres;

--
-- TOC entry 238 (class 1259 OID 17472)
-- Name: orders_orderitem_id_seq; Type: SEQUENCE; Schema: public; Owner: postgres
--

ALTER TABLE public.orders_orderitem ALTER COLUMN id ADD GENERATED BY DEFAULT AS IDENTITY (
    SEQUENCE NAME public.orders_orderitem_id_seq
    START WITH 1
    INCREMENT BY 1
    NO MINVALUE
    NO MAXVALUE
    CACHE 1
);


--
-- TOC entry 241 (class 1259 OID 17499)
-- Name: payments_payment; Type: TABLE; Schema: public; Owner: postgres
--

CREATE TABLE public.payments_payment (
    id bigint NOT NULL,
    payment_method character varying(20) NOT NULL,
    status character varying(20) NOT NULL,
    amount numeric(10,2) NOT NULL,
    transaction_id character varying(255),
    created_at timestamp with time zone NOT NULL,
    order_id bigint NOT NULL,
    user_id bigint NOT NULL
);


ALTER TABLE public.payments_payment OWNER TO postgres;

--
-- TOC entry 240 (class 1259 OID 17498)
-- Name: payments_payment_id_seq; Type: SEQUENCE; Schema: public; Owner: postgres
--

ALTER TABLE public.payments_payment ALTER COLUMN id ADD GENERATED BY DEFAULT AS IDENTITY (
    SEQUENCE NAME public.payments_payment_id_seq
    START WITH 1
    INCREMENT BY 1
    NO MINVALUE
    NO MAXVALUE
    CACHE 1
);


--
-- TOC entry 222 (class 1259 OID 17098)
-- Name: products_product; Type: TABLE; Schema: public; Owner: postgres
--

CREATE TABLE public.products_product (
    id integer NOT NULL,
    store_id integer NOT NULL,
    title character varying(255) NOT NULL,
    slug character varying(255) NOT NULL,
    description text,
    price numeric(10,2) NOT NULL,
    stock integer NOT NULL,
    sku character varying(100),
    image character varying(255),
    created_at timestamp without time zone DEFAULT CURRENT_TIMESTAMP,
    colors jsonb,
    sizes jsonb,
    weight_per_unit numeric(6,2),
    CONSTRAINT products_product_price_check CHECK ((price >= (0)::numeric)),
    CONSTRAINT products_product_stock_check CHECK ((stock >= 0))
);


ALTER TABLE public.products_product OWNER TO postgres;

--
-- TOC entry 221 (class 1259 OID 17097)
-- Name: products_product_id_seq; Type: SEQUENCE; Schema: public; Owner: postgres
--

CREATE SEQUENCE public.products_product_id_seq
    AS integer
    START WITH 1
    INCREMENT BY 1
    NO MINVALUE
    NO MAXVALUE
    CACHE 1;


ALTER SEQUENCE public.products_product_id_seq OWNER TO postgres;

--
-- TOC entry 4961 (class 0 OID 0)
-- Dependencies: 221
-- Name: products_product_id_seq; Type: SEQUENCE OWNED BY; Schema: public; Owner: postgres
--

ALTER SEQUENCE public.products_product_id_seq OWNED BY public.products_product.id;


--
-- TOC entry 220 (class 1259 OID 17079)
-- Name: stores_store; Type: TABLE; Schema: public; Owner: postgres
--

CREATE TABLE public.stores_store (
    id integer NOT NULL,
    owner_id integer NOT NULL,
    name character varying(255) NOT NULL,
    slug character varying(255) NOT NULL,
    description text,
    logo character varying(255),
    banner character varying(255),
    primary_color character varying(20),
    secondary_color character varying(20),
    font_family character varying(100),
    display_style character varying(50),
    created_at timestamp without time zone DEFAULT CURRENT_TIMESTAMP,
    theme jsonb DEFAULT '{}'::jsonb
);


ALTER TABLE public.stores_store OWNER TO postgres;

--
-- TOC entry 219 (class 1259 OID 17078)
-- Name: stores_store_id_seq; Type: SEQUENCE; Schema: public; Owner: postgres
--

CREATE SEQUENCE public.stores_store_id_seq
    AS integer
    START WITH 1
    INCREMENT BY 1
    NO MINVALUE
    NO MAXVALUE
    CACHE 1;


ALTER SEQUENCE public.stores_store_id_seq OWNER TO postgres;

--
-- TOC entry 4962 (class 0 OID 0)
-- Dependencies: 219
-- Name: stores_store_id_seq; Type: SEQUENCE OWNED BY; Schema: public; Owner: postgres
--

ALTER SEQUENCE public.stores_store_id_seq OWNED BY public.stores_store.id;


--
-- TOC entry 218 (class 1259 OID 17061)
-- Name: users_user; Type: TABLE; Schema: public; Owner: postgres
--

CREATE TABLE public.users_user (
    id integer NOT NULL,
    username character varying(150) NOT NULL,
    password character varying(128) NOT NULL,
    email character varying(254),
    first_name character varying(150),
    last_name character varying(150),
    role character varying(10) NOT NULL,
    is_staff boolean DEFAULT false,
    is_superuser boolean DEFAULT false,
    is_active boolean DEFAULT true,
    date_joined timestamp without time zone DEFAULT CURRENT_TIMESTAMP,
    last_login timestamp without time zone,
    phone_number character varying(20),
    CONSTRAINT users_user_role_check CHECK (((role)::text = ANY ((ARRAY['admin'::character varying, 'seller'::character varying, 'buyer'::character varying])::text[])))
);


ALTER TABLE public.users_user OWNER TO postgres;

--
-- TOC entry 217 (class 1259 OID 17060)
-- Name: users_user_id_seq; Type: SEQUENCE; Schema: public; Owner: postgres
--

CREATE SEQUENCE public.users_user_id_seq
    AS integer
    START WITH 1
    INCREMENT BY 1
    NO MINVALUE
    NO MAXVALUE
    CACHE 1;


ALTER SEQUENCE public.users_user_id_seq OWNER TO postgres;

--
-- TOC entry 4963 (class 0 OID 0)
-- Dependencies: 217
-- Name: users_user_id_seq; Type: SEQUENCE OWNED BY; Schema: public; Owner: postgres
--

ALTER SEQUENCE public.users_user_id_seq OWNED BY public.users_user.id;


--
-- TOC entry 4708 (class 2604 OID 17101)
-- Name: products_product id; Type: DEFAULT; Schema: public; Owner: postgres
--

ALTER TABLE ONLY public.products_product ALTER COLUMN id SET DEFAULT nextval('public.products_product_id_seq'::regclass);


--
-- TOC entry 4705 (class 2604 OID 17082)
-- Name: stores_store id; Type: DEFAULT; Schema: public; Owner: postgres
--

ALTER TABLE ONLY public.stores_store ALTER COLUMN id SET DEFAULT nextval('public.stores_store_id_seq'::regclass);


--
-- TOC entry 4700 (class 2604 OID 17064)
-- Name: users_user id; Type: DEFAULT; Schema: public; Owner: postgres
--

ALTER TABLE ONLY public.users_user ALTER COLUMN id SET DEFAULT nextval('public.users_user_id_seq'::regclass);


--
-- TOC entry 4946 (class 0 OID 17338)
-- Dependencies: 232
-- Data for Name: auth_group; Type: TABLE DATA; Schema: public; Owner: postgres
--

COPY public.auth_group (id, name) FROM stdin;
\.


--
-- TOC entry 4948 (class 0 OID 17346)
-- Dependencies: 234
-- Data for Name: auth_group_permissions; Type: TABLE DATA; Schema: public; Owner: postgres
--

COPY public.auth_group_permissions (id, group_id, permission_id) FROM stdin;
\.


--
-- TOC entry 4944 (class 0 OID 17332)
-- Dependencies: 230
-- Data for Name: auth_permission; Type: TABLE DATA; Schema: public; Owner: postgres
--

COPY public.auth_permission (id, name, content_type_id, codename) FROM stdin;
1	Can add log entry	1	add_logentry
2	Can change log entry	1	change_logentry
3	Can delete log entry	1	delete_logentry
4	Can view log entry	1	view_logentry
5	Can add permission	2	add_permission
6	Can change permission	2	change_permission
7	Can delete permission	2	delete_permission
8	Can view permission	2	view_permission
9	Can add group	3	add_group
10	Can change group	3	change_group
11	Can delete group	3	delete_group
12	Can view group	3	view_group
13	Can add content type	4	add_contenttype
14	Can change content type	4	change_contenttype
15	Can delete content type	4	delete_contenttype
16	Can view content type	4	view_contenttype
17	Can add session	5	add_session
18	Can change session	5	change_session
19	Can delete session	5	delete_session
20	Can view session	5	view_session
21	Can add user	6	add_user
22	Can change user	6	change_user
23	Can delete user	6	delete_user
24	Can view user	6	view_user
25	Can add cart item	7	add_cartitem
26	Can change cart item	7	change_cartitem
27	Can delete cart item	7	delete_cartitem
28	Can view cart item	7	view_cartitem
29	Can add payment	8	add_payment
30	Can change payment	8	change_payment
31	Can delete payment	8	delete_payment
32	Can view payment	8	view_payment
33	Can add store	9	add_store
34	Can change store	9	change_store
35	Can delete store	9	delete_store
36	Can view store	9	view_store
37	Can add product	10	add_product
38	Can change product	10	change_product
39	Can delete product	10	delete_product
40	Can view product	10	view_product
41	Can add order	11	add_order
42	Can change order	11	change_order
43	Can delete order	11	delete_order
44	Can view order	11	view_order
45	Can add order item	12	add_orderitem
46	Can change order item	12	change_orderitem
47	Can delete order item	12	delete_orderitem
48	Can view order item	12	view_orderitem
\.


--
-- TOC entry 4942 (class 0 OID 17311)
-- Dependencies: 228
-- Data for Name: django_admin_log; Type: TABLE DATA; Schema: public; Owner: postgres
--

COPY public.django_admin_log (id, action_time, object_id, object_repr, action_flag, change_message, content_type_id, user_id) FROM stdin;
\.


--
-- TOC entry 4940 (class 0 OID 17303)
-- Dependencies: 226
-- Data for Name: django_content_type; Type: TABLE DATA; Schema: public; Owner: postgres
--

COPY public.django_content_type (id, app_label, model) FROM stdin;
1	admin	logentry
2	auth	permission
3	auth	group
4	contenttypes	contenttype
5	sessions	session
6	users	user
7	cart	cartitem
8	payments	payment
9	stores	store
10	products	product
11	orders	order
12	orders	orderitem
\.


--
-- TOC entry 4938 (class 0 OID 17294)
-- Dependencies: 224
-- Data for Name: django_migrations; Type: TABLE DATA; Schema: public; Owner: postgres
--

COPY public.django_migrations (id, app, name, applied) FROM stdin;
1	contenttypes	0001_initial	2026-01-27 22:03:12.840334+01
2	admin	0001_initial	2026-01-27 22:03:12.864655+01
3	admin	0002_logentry_remove_auto_add	2026-01-27 22:03:12.868646+01
4	admin	0003_logentry_add_action_flag_choices	2026-01-27 22:03:12.873673+01
5	contenttypes	0002_remove_content_type_name	2026-01-27 22:03:12.888804+01
6	auth	0001_initial	2026-01-27 22:03:12.923928+01
7	auth	0002_alter_permission_name_max_length	2026-01-27 22:03:12.929943+01
8	auth	0003_alter_user_email_max_length	2026-01-27 22:03:12.933932+01
9	auth	0004_alter_user_username_opts	2026-01-27 22:03:12.938051+01
10	auth	0005_alter_user_last_login_null	2026-01-27 22:03:12.942084+01
11	auth	0006_require_contenttypes_0002	2026-01-27 22:03:12.944038+01
12	auth	0007_alter_validators_add_error_messages	2026-01-27 22:03:12.948024+01
13	auth	0008_alter_user_username_max_length	2026-01-27 22:03:12.95305+01
14	auth	0009_alter_user_last_name_max_length	2026-01-27 22:03:12.959153+01
15	auth	0010_alter_group_name_max_length	2026-01-27 22:03:12.96926+01
16	auth	0011_update_proxy_permissions	2026-01-27 22:03:12.978237+01
17	auth	0012_alter_user_first_name_max_length	2026-01-27 22:03:12.982265+01
18	sessions	0001_initial	2026-01-27 22:05:46.355697+01
19	stores	0001_initial	2026-01-27 22:12:19.757583+01
20	products	0001_initial	2026-01-27 22:12:20.814202+01
23	orders	0001_initial	2026-01-28 11:17:48.691998+01
24	orders	0002_order_total	2026-01-28 11:31:53.650445+01
25	payments	0001_initial	2026-01-28 11:31:59.579364+01
26	products	0002_product_colors_product_sizes_product_weight_per_unit	2026-01-28 12:05:21.030521+01
27	users	0001_initial	2026-01-28 13:28:08.71947+01
28	products	0003_alter_product_colors_alter_product_sizes	2026-01-28 13:28:52.291892+01
29	orders	0003_orderitem_couleur_orderitem_poids_orderitem_taille	2026-01-28 13:40:22.967382+01
\.


--
-- TOC entry 4949 (class 0 OID 17379)
-- Dependencies: 235
-- Data for Name: django_session; Type: TABLE DATA; Schema: public; Owner: postgres
--

COPY public.django_session (session_key, session_data, expire_date) FROM stdin;
\.


--
-- TOC entry 4951 (class 0 OID 17467)
-- Dependencies: 237
-- Data for Name: orders_order; Type: TABLE DATA; Schema: public; Owner: postgres
--

COPY public.orders_order (id, status, created_at, user_id, total) FROM stdin;
1	pending	2026-01-28 11:28:23.317875+01	8	200.00
2	pending	2026-01-28 11:33:12.197319+01	8	50.00
3	pending	2026-01-28 13:08:21.608584+01	8	100.00
4	pending	2026-01-28 13:11:28.442892+01	8	50.00
5	pending	2026-01-28 13:34:08.036664+01	8	60.00
6	pending	2026-01-28 13:47:57.407415+01	8	60.00
7	pending	2026-01-28 13:54:16.84411+01	8	50.00
\.


--
-- TOC entry 4953 (class 0 OID 17473)
-- Dependencies: 239
-- Data for Name: orders_orderitem; Type: TABLE DATA; Schema: public; Owner: postgres
--

COPY public.orders_orderitem (id, quantity, unit_price, order_id, product_id, couleur, poids, taille) FROM stdin;
7	1	60.00	6	6	\N	\N	\N
8	1	50.00	7	5	blanc	\N	m
\.


--
-- TOC entry 4955 (class 0 OID 17499)
-- Dependencies: 241
-- Data for Name: payments_payment; Type: TABLE DATA; Schema: public; Owner: postgres
--

COPY public.payments_payment (id, payment_method, status, amount, transaction_id, created_at, order_id, user_id) FROM stdin;
1	cash	pending	50.00	\N	2026-01-28 11:33:32.192575+01	2	8
2	cash	pending	60.00	\N	2026-01-28 13:34:10.561189+01	5	8
3	cash	pending	60.00	\N	2026-01-28 13:48:05.47274+01	6	8
4	cash	pending	50.00	\N	2026-01-28 13:54:18.520402+01	7	8
\.


--
-- TOC entry 4936 (class 0 OID 17098)
-- Dependencies: 222
-- Data for Name: products_product; Type: TABLE DATA; Schema: public; Owner: postgres
--

COPY public.products_product (id, store_id, title, slug, description, price, stock, sku, image, created_at, colors, sizes, weight_per_unit) FROM stdin;
3	2	veste pull and bear homme	veste-pull-and-bear-homme	nouvelle collection 2026	200.00	50		products/images_cCa2gBi.jfif	2026-01-05 15:03:21.221776	\N	\N	\N
5	2	t shirt pull and bear homme	t-shirt-pull-and-bear-homme	t shirt cotton	50.00	30	t-shirt-pull-and-bea-5188dc35	products/7012502800_2_20_8_3lEU4C5.jpg	2026-01-05 15:44:24.50378	[{"couleur": "blanc", "quantite": 30}]	[{"taille": "m", "quantite": 20}, {"taille": "xl", "quantite": 15}, {"taille": "xxl", "quantite": 15}]	\N
6	2	chemise pull and bear	chemise-pull-and-bear	la toute nouvelle collection de chemise	60.00	60	chemise-pull-and-bea-8866a2e8	products/03474501807-a6m.webp	2026-01-28 11:09:18.832501	[{"couleur": "blanc", "quantite": 30}, {"couleur": "noir", "quantite": 10}, {"couleur": "blue", "quantite": 15}]	[{"taille": "m", "quantite": 20}, {"taille": "xl", "quantite": 15}, {"taille": "xxl", "quantite": 15}]	\N
\.


--
-- TOC entry 4934 (class 0 OID 17079)
-- Dependencies: 220
-- Data for Name: stores_store; Type: TABLE DATA; Schema: public; Owner: postgres
--

COPY public.stores_store (id, owner_id, name, slug, description, logo, banner, primary_color, secondary_color, font_family, display_style, created_at, theme) FROM stdin;
2	7	pull and bear	pull-and-bear	la meilleur qualiter	stores/logos/logo_pull_8jkjbVV.jpg	stores/banners/photo_vet_HfKJOja.avif	\N	\N	\N	\N	2025-12-30 16:43:38.188419	{"primary_color": "#155075"}
\.


--
-- TOC entry 4932 (class 0 OID 17061)
-- Dependencies: 218
-- Data for Name: users_user; Type: TABLE DATA; Schema: public; Owner: postgres
--

COPY public.users_user (id, username, password, email, first_name, last_name, role, is_staff, is_superuser, is_active, date_joined, last_login, phone_number) FROM stdin;
7	zinai	pbkdf2_sha256$1000000$r4DEbNoGeFElTmYXE0fG1r$fDAaEjGAeQv6okyse/nJ2pA7Eyou2LfE7zwNjH0fAAo=	zinaiislam1@gmail.com			seller	f	f	t	2025-12-30 16:31:42.380953	\N	0672062421
8	bida ayoub	pbkdf2_sha256$1000000$96xGj7SOuMYjFUK6cgTnof$mKsU2CT9AOwwJGkYFq39rM26nZGVU/zVBGRpzfu6VKk=	ayoub.bida@gmail.com			buyer	f	f	t	2025-12-30 17:29:32.301526	\N	0672062421
9	hamid	pbkdf2_sha256$1000000$4pzov9RuOOpRIBytDxccU6$7K8Tw5mtEFfjG7dm8HwXudqTROvhnZfj98tpyCJUFqg=	hamiderer3@gmail.com			admin	t	t	t	2025-12-30 18:31:00.5549	\N	0672062421
\.


--
-- TOC entry 4964 (class 0 OID 0)
-- Dependencies: 231
-- Name: auth_group_id_seq; Type: SEQUENCE SET; Schema: public; Owner: postgres
--

SELECT pg_catalog.setval('public.auth_group_id_seq', 1, false);


--
-- TOC entry 4965 (class 0 OID 0)
-- Dependencies: 233
-- Name: auth_group_permissions_id_seq; Type: SEQUENCE SET; Schema: public; Owner: postgres
--

SELECT pg_catalog.setval('public.auth_group_permissions_id_seq', 1, false);


--
-- TOC entry 4966 (class 0 OID 0)
-- Dependencies: 229
-- Name: auth_permission_id_seq; Type: SEQUENCE SET; Schema: public; Owner: postgres
--

SELECT pg_catalog.setval('public.auth_permission_id_seq', 48, true);


--
-- TOC entry 4967 (class 0 OID 0)
-- Dependencies: 227
-- Name: django_admin_log_id_seq; Type: SEQUENCE SET; Schema: public; Owner: postgres
--

SELECT pg_catalog.setval('public.django_admin_log_id_seq', 1, false);


--
-- TOC entry 4968 (class 0 OID 0)
-- Dependencies: 225
-- Name: django_content_type_id_seq; Type: SEQUENCE SET; Schema: public; Owner: postgres
--

SELECT pg_catalog.setval('public.django_content_type_id_seq', 12, true);


--
-- TOC entry 4969 (class 0 OID 0)
-- Dependencies: 223
-- Name: django_migrations_id_seq; Type: SEQUENCE SET; Schema: public; Owner: postgres
--

SELECT pg_catalog.setval('public.django_migrations_id_seq', 29, true);


--
-- TOC entry 4970 (class 0 OID 0)
-- Dependencies: 236
-- Name: orders_order_id_seq; Type: SEQUENCE SET; Schema: public; Owner: postgres
--

SELECT pg_catalog.setval('public.orders_order_id_seq', 7, true);


--
-- TOC entry 4971 (class 0 OID 0)
-- Dependencies: 238
-- Name: orders_orderitem_id_seq; Type: SEQUENCE SET; Schema: public; Owner: postgres
--

SELECT pg_catalog.setval('public.orders_orderitem_id_seq', 8, true);


--
-- TOC entry 4972 (class 0 OID 0)
-- Dependencies: 240
-- Name: payments_payment_id_seq; Type: SEQUENCE SET; Schema: public; Owner: postgres
--

SELECT pg_catalog.setval('public.payments_payment_id_seq', 4, true);


--
-- TOC entry 4973 (class 0 OID 0)
-- Dependencies: 221
-- Name: products_product_id_seq; Type: SEQUENCE SET; Schema: public; Owner: postgres
--

SELECT pg_catalog.setval('public.products_product_id_seq', 6, true);


--
-- TOC entry 4974 (class 0 OID 0)
-- Dependencies: 219
-- Name: stores_store_id_seq; Type: SEQUENCE SET; Schema: public; Owner: postgres
--

SELECT pg_catalog.setval('public.stores_store_id_seq', 2, true);


--
-- TOC entry 4975 (class 0 OID 0)
-- Dependencies: 217
-- Name: users_user_id_seq; Type: SEQUENCE SET; Schema: public; Owner: postgres
--

SELECT pg_catalog.setval('public.users_user_id_seq', 9, true);


--
-- TOC entry 4749 (class 2606 OID 17375)
-- Name: auth_group auth_group_name_key; Type: CONSTRAINT; Schema: public; Owner: postgres
--

ALTER TABLE ONLY public.auth_group
    ADD CONSTRAINT auth_group_name_key UNIQUE (name);


--
-- TOC entry 4754 (class 2606 OID 17361)
-- Name: auth_group_permissions auth_group_permissions_group_id_permission_id_0cd325b0_uniq; Type: CONSTRAINT; Schema: public; Owner: postgres
--

ALTER TABLE ONLY public.auth_group_permissions
    ADD CONSTRAINT auth_group_permissions_group_id_permission_id_0cd325b0_uniq UNIQUE (group_id, permission_id);


--
-- TOC entry 4757 (class 2606 OID 17350)
-- Name: auth_group_permissions auth_group_permissions_pkey; Type: CONSTRAINT; Schema: public; Owner: postgres
--

ALTER TABLE ONLY public.auth_group_permissions
    ADD CONSTRAINT auth_group_permissions_pkey PRIMARY KEY (id);


--
-- TOC entry 4751 (class 2606 OID 17342)
-- Name: auth_group auth_group_pkey; Type: CONSTRAINT; Schema: public; Owner: postgres
--

ALTER TABLE ONLY public.auth_group
    ADD CONSTRAINT auth_group_pkey PRIMARY KEY (id);


--
-- TOC entry 4744 (class 2606 OID 17352)
-- Name: auth_permission auth_permission_content_type_id_codename_01ab375a_uniq; Type: CONSTRAINT; Schema: public; Owner: postgres
--

ALTER TABLE ONLY public.auth_permission
    ADD CONSTRAINT auth_permission_content_type_id_codename_01ab375a_uniq UNIQUE (content_type_id, codename);


--
-- TOC entry 4746 (class 2606 OID 17336)
-- Name: auth_permission auth_permission_pkey; Type: CONSTRAINT; Schema: public; Owner: postgres
--

ALTER TABLE ONLY public.auth_permission
    ADD CONSTRAINT auth_permission_pkey PRIMARY KEY (id);


--
-- TOC entry 4740 (class 2606 OID 17318)
-- Name: django_admin_log django_admin_log_pkey; Type: CONSTRAINT; Schema: public; Owner: postgres
--

ALTER TABLE ONLY public.django_admin_log
    ADD CONSTRAINT django_admin_log_pkey PRIMARY KEY (id);


--
-- TOC entry 4735 (class 2606 OID 17309)
-- Name: django_content_type django_content_type_app_label_model_76bd3d3b_uniq; Type: CONSTRAINT; Schema: public; Owner: postgres
--

ALTER TABLE ONLY public.django_content_type
    ADD CONSTRAINT django_content_type_app_label_model_76bd3d3b_uniq UNIQUE (app_label, model);


--
-- TOC entry 4737 (class 2606 OID 17307)
-- Name: django_content_type django_content_type_pkey; Type: CONSTRAINT; Schema: public; Owner: postgres
--

ALTER TABLE ONLY public.django_content_type
    ADD CONSTRAINT django_content_type_pkey PRIMARY KEY (id);


--
-- TOC entry 4733 (class 2606 OID 17300)
-- Name: django_migrations django_migrations_pkey; Type: CONSTRAINT; Schema: public; Owner: postgres
--

ALTER TABLE ONLY public.django_migrations
    ADD CONSTRAINT django_migrations_pkey PRIMARY KEY (id);


--
-- TOC entry 4760 (class 2606 OID 17385)
-- Name: django_session django_session_pkey; Type: CONSTRAINT; Schema: public; Owner: postgres
--

ALTER TABLE ONLY public.django_session
    ADD CONSTRAINT django_session_pkey PRIMARY KEY (session_key);


--
-- TOC entry 4763 (class 2606 OID 17471)
-- Name: orders_order orders_order_pkey; Type: CONSTRAINT; Schema: public; Owner: postgres
--

ALTER TABLE ONLY public.orders_order
    ADD CONSTRAINT orders_order_pkey PRIMARY KEY (id);


--
-- TOC entry 4767 (class 2606 OID 17478)
-- Name: orders_orderitem orders_orderitem_pkey; Type: CONSTRAINT; Schema: public; Owner: postgres
--

ALTER TABLE ONLY public.orders_orderitem
    ADD CONSTRAINT orders_orderitem_pkey PRIMARY KEY (id);


--
-- TOC entry 4770 (class 2606 OID 17505)
-- Name: payments_payment payments_payment_order_id_key; Type: CONSTRAINT; Schema: public; Owner: postgres
--

ALTER TABLE ONLY public.payments_payment
    ADD CONSTRAINT payments_payment_order_id_key UNIQUE (order_id);


--
-- TOC entry 4772 (class 2606 OID 17503)
-- Name: payments_payment payments_payment_pkey; Type: CONSTRAINT; Schema: public; Owner: postgres
--

ALTER TABLE ONLY public.payments_payment
    ADD CONSTRAINT payments_payment_pkey PRIMARY KEY (id);


--
-- TOC entry 4729 (class 2606 OID 17108)
-- Name: products_product products_product_pkey; Type: CONSTRAINT; Schema: public; Owner: postgres
--

ALTER TABLE ONLY public.products_product
    ADD CONSTRAINT products_product_pkey PRIMARY KEY (id);


--
-- TOC entry 4731 (class 2606 OID 17110)
-- Name: products_product products_product_sku_key; Type: CONSTRAINT; Schema: public; Owner: postgres
--

ALTER TABLE ONLY public.products_product
    ADD CONSTRAINT products_product_sku_key UNIQUE (sku);


--
-- TOC entry 4723 (class 2606 OID 17089)
-- Name: stores_store stores_store_owner_id_key; Type: CONSTRAINT; Schema: public; Owner: postgres
--

ALTER TABLE ONLY public.stores_store
    ADD CONSTRAINT stores_store_owner_id_key UNIQUE (owner_id);


--
-- TOC entry 4725 (class 2606 OID 17087)
-- Name: stores_store stores_store_pkey; Type: CONSTRAINT; Schema: public; Owner: postgres
--

ALTER TABLE ONLY public.stores_store
    ADD CONSTRAINT stores_store_pkey PRIMARY KEY (id);


--
-- TOC entry 4727 (class 2606 OID 17091)
-- Name: stores_store stores_store_slug_key; Type: CONSTRAINT; Schema: public; Owner: postgres
--

ALTER TABLE ONLY public.stores_store
    ADD CONSTRAINT stores_store_slug_key UNIQUE (slug);


--
-- TOC entry 4717 (class 2606 OID 17077)
-- Name: users_user users_user_email_key; Type: CONSTRAINT; Schema: public; Owner: postgres
--

ALTER TABLE ONLY public.users_user
    ADD CONSTRAINT users_user_email_key UNIQUE (email);


--
-- TOC entry 4719 (class 2606 OID 17073)
-- Name: users_user users_user_pkey; Type: CONSTRAINT; Schema: public; Owner: postgres
--

ALTER TABLE ONLY public.users_user
    ADD CONSTRAINT users_user_pkey PRIMARY KEY (id);


--
-- TOC entry 4721 (class 2606 OID 17075)
-- Name: users_user users_user_username_key; Type: CONSTRAINT; Schema: public; Owner: postgres
--

ALTER TABLE ONLY public.users_user
    ADD CONSTRAINT users_user_username_key UNIQUE (username);


--
-- TOC entry 4747 (class 1259 OID 17376)
-- Name: auth_group_name_a6ea08ec_like; Type: INDEX; Schema: public; Owner: postgres
--

CREATE INDEX auth_group_name_a6ea08ec_like ON public.auth_group USING btree (name varchar_pattern_ops);


--
-- TOC entry 4752 (class 1259 OID 17372)
-- Name: auth_group_permissions_group_id_b120cbf9; Type: INDEX; Schema: public; Owner: postgres
--

CREATE INDEX auth_group_permissions_group_id_b120cbf9 ON public.auth_group_permissions USING btree (group_id);


--
-- TOC entry 4755 (class 1259 OID 17373)
-- Name: auth_group_permissions_permission_id_84c5c92e; Type: INDEX; Schema: public; Owner: postgres
--

CREATE INDEX auth_group_permissions_permission_id_84c5c92e ON public.auth_group_permissions USING btree (permission_id);


--
-- TOC entry 4742 (class 1259 OID 17358)
-- Name: auth_permission_content_type_id_2f476e4b; Type: INDEX; Schema: public; Owner: postgres
--

CREATE INDEX auth_permission_content_type_id_2f476e4b ON public.auth_permission USING btree (content_type_id);


--
-- TOC entry 4738 (class 1259 OID 17329)
-- Name: django_admin_log_content_type_id_c4bce8eb; Type: INDEX; Schema: public; Owner: postgres
--

CREATE INDEX django_admin_log_content_type_id_c4bce8eb ON public.django_admin_log USING btree (content_type_id);


--
-- TOC entry 4741 (class 1259 OID 17330)
-- Name: django_admin_log_user_id_c564eba6; Type: INDEX; Schema: public; Owner: postgres
--

CREATE INDEX django_admin_log_user_id_c564eba6 ON public.django_admin_log USING btree (user_id);


--
-- TOC entry 4758 (class 1259 OID 17387)
-- Name: django_session_expire_date_a5c62663; Type: INDEX; Schema: public; Owner: postgres
--

CREATE INDEX django_session_expire_date_a5c62663 ON public.django_session USING btree (expire_date);


--
-- TOC entry 4761 (class 1259 OID 17386)
-- Name: django_session_session_key_c0390e0f_like; Type: INDEX; Schema: public; Owner: postgres
--

CREATE INDEX django_session_session_key_c0390e0f_like ON public.django_session USING btree (session_key varchar_pattern_ops);


--
-- TOC entry 4764 (class 1259 OID 17484)
-- Name: orders_order_user_id_e9b59eb1; Type: INDEX; Schema: public; Owner: postgres
--

CREATE INDEX orders_order_user_id_e9b59eb1 ON public.orders_order USING btree (user_id);


--
-- TOC entry 4765 (class 1259 OID 17495)
-- Name: orders_orderitem_order_id_fe61a34d; Type: INDEX; Schema: public; Owner: postgres
--

CREATE INDEX orders_orderitem_order_id_fe61a34d ON public.orders_orderitem USING btree (order_id);


--
-- TOC entry 4768 (class 1259 OID 17496)
-- Name: orders_orderitem_product_id_afe4254a; Type: INDEX; Schema: public; Owner: postgres
--

CREATE INDEX orders_orderitem_product_id_afe4254a ON public.orders_orderitem USING btree (product_id);


--
-- TOC entry 4773 (class 1259 OID 17516)
-- Name: payments_payment_user_id_f9db060a; Type: INDEX; Schema: public; Owner: postgres
--

CREATE INDEX payments_payment_user_id_f9db060a ON public.payments_payment USING btree (user_id);


--
-- TOC entry 4779 (class 2606 OID 17367)
-- Name: auth_group_permissions auth_group_permissio_permission_id_84c5c92e_fk_auth_perm; Type: FK CONSTRAINT; Schema: public; Owner: postgres
--

ALTER TABLE ONLY public.auth_group_permissions
    ADD CONSTRAINT auth_group_permissio_permission_id_84c5c92e_fk_auth_perm FOREIGN KEY (permission_id) REFERENCES public.auth_permission(id) DEFERRABLE INITIALLY DEFERRED;


--
-- TOC entry 4780 (class 2606 OID 17362)
-- Name: auth_group_permissions auth_group_permissions_group_id_b120cbf9_fk_auth_group_id; Type: FK CONSTRAINT; Schema: public; Owner: postgres
--

ALTER TABLE ONLY public.auth_group_permissions
    ADD CONSTRAINT auth_group_permissions_group_id_b120cbf9_fk_auth_group_id FOREIGN KEY (group_id) REFERENCES public.auth_group(id) DEFERRABLE INITIALLY DEFERRED;


--
-- TOC entry 4778 (class 2606 OID 17353)
-- Name: auth_permission auth_permission_content_type_id_2f476e4b_fk_django_co; Type: FK CONSTRAINT; Schema: public; Owner: postgres
--

ALTER TABLE ONLY public.auth_permission
    ADD CONSTRAINT auth_permission_content_type_id_2f476e4b_fk_django_co FOREIGN KEY (content_type_id) REFERENCES public.django_content_type(id) DEFERRABLE INITIALLY DEFERRED;


--
-- TOC entry 4776 (class 2606 OID 17319)
-- Name: django_admin_log django_admin_log_content_type_id_c4bce8eb_fk_django_co; Type: FK CONSTRAINT; Schema: public; Owner: postgres
--

ALTER TABLE ONLY public.django_admin_log
    ADD CONSTRAINT django_admin_log_content_type_id_c4bce8eb_fk_django_co FOREIGN KEY (content_type_id) REFERENCES public.django_content_type(id) DEFERRABLE INITIALLY DEFERRED;


--
-- TOC entry 4777 (class 2606 OID 17324)
-- Name: django_admin_log django_admin_log_user_id_c564eba6_fk_users_user_id; Type: FK CONSTRAINT; Schema: public; Owner: postgres
--

ALTER TABLE ONLY public.django_admin_log
    ADD CONSTRAINT django_admin_log_user_id_c564eba6_fk_users_user_id FOREIGN KEY (user_id) REFERENCES public.users_user(id) DEFERRABLE INITIALLY DEFERRED;


--
-- TOC entry 4775 (class 2606 OID 17111)
-- Name: products_product fk_product_store; Type: FK CONSTRAINT; Schema: public; Owner: postgres
--

ALTER TABLE ONLY public.products_product
    ADD CONSTRAINT fk_product_store FOREIGN KEY (store_id) REFERENCES public.stores_store(id) ON DELETE CASCADE;


--
-- TOC entry 4774 (class 2606 OID 17092)
-- Name: stores_store fk_store_owner; Type: FK CONSTRAINT; Schema: public; Owner: postgres
--

ALTER TABLE ONLY public.stores_store
    ADD CONSTRAINT fk_store_owner FOREIGN KEY (owner_id) REFERENCES public.users_user(id) ON DELETE CASCADE;


--
-- TOC entry 4781 (class 2606 OID 17479)
-- Name: orders_order orders_order_user_id_e9b59eb1_fk_users_user_id; Type: FK CONSTRAINT; Schema: public; Owner: postgres
--

ALTER TABLE ONLY public.orders_order
    ADD CONSTRAINT orders_order_user_id_e9b59eb1_fk_users_user_id FOREIGN KEY (user_id) REFERENCES public.users_user(id) DEFERRABLE INITIALLY DEFERRED;


--
-- TOC entry 4782 (class 2606 OID 17485)
-- Name: orders_orderitem orders_orderitem_order_id_fe61a34d_fk_orders_order_id; Type: FK CONSTRAINT; Schema: public; Owner: postgres
--

ALTER TABLE ONLY public.orders_orderitem
    ADD CONSTRAINT orders_orderitem_order_id_fe61a34d_fk_orders_order_id FOREIGN KEY (order_id) REFERENCES public.orders_order(id) DEFERRABLE INITIALLY DEFERRED;


--
-- TOC entry 4783 (class 2606 OID 17490)
-- Name: orders_orderitem orders_orderitem_product_id_afe4254a_fk_products_product_id; Type: FK CONSTRAINT; Schema: public; Owner: postgres
--

ALTER TABLE ONLY public.orders_orderitem
    ADD CONSTRAINT orders_orderitem_product_id_afe4254a_fk_products_product_id FOREIGN KEY (product_id) REFERENCES public.products_product(id) DEFERRABLE INITIALLY DEFERRED;


--
-- TOC entry 4784 (class 2606 OID 17506)
-- Name: payments_payment payments_payment_order_id_22c479b7_fk_orders_order_id; Type: FK CONSTRAINT; Schema: public; Owner: postgres
--

ALTER TABLE ONLY public.payments_payment
    ADD CONSTRAINT payments_payment_order_id_22c479b7_fk_orders_order_id FOREIGN KEY (order_id) REFERENCES public.orders_order(id) DEFERRABLE INITIALLY DEFERRED;


--
-- TOC entry 4785 (class 2606 OID 17511)
-- Name: payments_payment payments_payment_user_id_f9db060a_fk_users_user_id; Type: FK CONSTRAINT; Schema: public; Owner: postgres
--

ALTER TABLE ONLY public.payments_payment
    ADD CONSTRAINT payments_payment_user_id_f9db060a_fk_users_user_id FOREIGN KEY (user_id) REFERENCES public.users_user(id) DEFERRABLE INITIALLY DEFERRED;


-- Completed on 2026-01-28 14:07:17

--
-- PostgreSQL database dump complete
--

